{"_wandb":{"runtime":3},"test_metric":1,"_timestamp":1.7409171637688258e+09,"_runtime":3.1094781,"_step":0}