{"epoch":10,"_step":10,"_timestamp":1.7422198108188722e+09,"conf_mat_table":{"path":"media/table/conf_mat_table_10_93f8a29b14e2dfb6f073.table.json","ncols":3,"nrows":100,"_type":"table-file","sha256":"93f8a29b14e2dfb6f073b8da395a2777d85099a2441fd3501b13598e30aa6ad8","size":2931,"artifact_path":"wandb-client-artifact://tai0why45iiavs11ej4g0i3zlcbs8dckrcfn4mhqgups01m1f3cunf3l7q3iq01phy2zsfn4abo39odm2fvyvusq4rs1dnagkq627cd2ox1smtvf3ex17jk8vwyjuxjs/conf_mat_table.table.json","_latest_artifact_path":"wandb-client-artifact://v1yk7xffuiz6uje8g92kysavj9iltcf5s46c4apmku1wmyp5l90xuzueofp3ysnup41q8ywdh7uuw8ke7dj9eet02n9w4pjun3o89xme7uzqen2qqu5ond60uqhzm2l9:latest/conf_mat_table.table.json"},"train_accuracy":0.912700177935943,"val_accuracy":0.8896666666666667,"test_accuracy":0.8808,"_wandb":{"runtime":88},"train_loss":0.23663827141717378,"_runtime":87.7287202}