{"_step":10,"test_accuracy":0.8803,"val_accuracy":0.8843333333333333,"val_loss":0.3200626499511671,"test_loss":0.33823014259731066,"_timestamp":1.7422252940952768e+09,"_wandb":{"runtime":70},"train_accuracy":0.9102350237247924,"_runtime":69.584924,"epoch":10,"train_loss":0.23928197251128605,"confusion_matrix_table":{"sha256":"e2e909ea2a91bc2dce96f058d816dc41160e5f69fff690d2af5e6bbd65980a74","size":2929,"artifact_path":"wandb-client-artifact://k5ek2466xopw1pwa574kkl01u1xsenlps1up8p32djjuwln0jkxrdiw9wukcb4vknxuon1wi7vbl3z55n9wjfm3sm9kbnx2vcxb6hgn2ap3oxwjyzmkw5kvurfyxpq2a/confusion_matrix_table.table.json","_latest_artifact_path":"wandb-client-artifact://s5zv5uzetf5vw53v3x8annujesjt9jub8jcvplim6o1hai7zhlscquowsn8cx331yx9vgfwq4oeiuo87xt3nom2inp9ibna7s92r2ttgbpi5b70ht5zs9xvy0ihn8ccw:latest/confusion_matrix_table.table.json","path":"media/table/confusion_matrix_table_10_e2e909ea2a91bc2dce96.table.json","ncols":3,"nrows":100,"_type":"table-file"}}